Country,Region
Denmark,Western Europe
Switzerland,Western Europe
Iceland,Western Europe
Norway,Western Europe
Finland,Western Europe
Canada,North America
Netherlands,Western Europe
New Zealand,Australia and New Zealand
Australia,Australia and New Zealand
Sweden,Western Europe
Israel,Middle East and Northern Africa
Austria,Western Europe
United States,North America
Costa Rica,Latin America and Caribbean
Puerto Rico,Latin America and Caribbean
Germany,Western Europe
Brazil,Latin America and Caribbean
Belgium,Western Europe
Ireland,Western Europe
Luxembourg,Western Europe
Mexico,Latin America and Caribbean
Singapore,Southeastern Asia
United Kingdom,Western Europe
Chile,Latin America and Caribbean
Panama,Latin America and Caribbean
Argentina,Latin America and Caribbean
Czech Republic,Central and Eastern Europe
United Arab Emirates,Middle East and Northern Africa
Uruguay,Latin America and Caribbean
Malta,Western Europe
Colombia,Latin America and Caribbean
France,Western Europe
Thailand,Southeastern Asia
Saudi Arabia,Middle East and Northern Africa
Taiwan,Eastern Asia
Qatar,Middle East and Northern Africa
Spain,Western Europe
Algeria,Middle East and Northern Africa
Guatemala,Latin America and Caribbean
Suriname,Latin America and Caribbean
Kuwait,Middle East and Northern Africa
Bahrain,Middle East and Northern Africa
Trinidad and Tobago,Latin America and Caribbean
Venezuela,Latin America and Caribbean
Slovakia,Central and Eastern Europe
El Salvador,Latin America and Caribbean
Malaysia,Southeastern Asia
Nicaragua,Latin America and Caribbean
Uzbekistan,Central and Eastern Europe
Italy,Western Europe
Ecuador,Latin America and Caribbean
Belize,Latin America and Caribbean
Japan,Eastern Asia
Kazakhstan,Central and Eastern Europe
Moldova,Central and Eastern Europe
Russia,Central and Eastern Europe
Poland,Central and Eastern Europe
South Korea,Eastern Asia
Bolivia,Latin America and Caribbean
Lithuania,Central and Eastern Europe
Belarus,Central and Eastern Europe
North Cyprus,Western Europe
Slovenia,Central and Eastern Europe
Peru,Latin America and Caribbean
Turkmenistan,Central and Eastern Europe
Mauritius,Sub-Saharan Africa
Libya,Middle East and Northern Africa
Latvia,Central and Eastern Europe
Cyprus,Western Europe
Paraguay,Latin America and Caribbean
Romania,Central and Eastern Europe
Estonia,Central and Eastern Europe
Jamaica,Latin America and Caribbean
Croatia,Central and Eastern Europe
Hong Kong,Eastern Asia
Somalia,Sub-Saharan Africa
Kosovo,Central and Eastern Europe
Turkey,Middle East and Northern Africa
Indonesia,Southeastern Asia
Jordan,Middle East and Northern Africa
Azerbaijan,Central and Eastern Europe
Philippines,Southeastern Asia
China,Eastern Asia
Bhutan,Southern Asia
Kyrgyzstan,Central and Eastern Europe
Serbia,Central and Eastern Europe
Bosnia and Herzegovina,Central and Eastern Europe
Montenegro,Central and Eastern Europe
Dominican Republic,Latin America and Caribbean
Morocco,Middle East and Northern Africa
Hungary,Central and Eastern Europe
Pakistan,Southern Asia
Lebanon,Middle East and Northern Africa
Portugal,Western Europe
Macedonia,Central and Eastern Europe
Vietnam,Southeastern Asia
Somaliland Region,Sub-Saharan Africa
Tunisia,Middle East and Northern Africa
Greece,Western Europe
Tajikistan,Central and Eastern Europe
Mongolia,Eastern Asia
Laos,Southeastern Asia
Nigeria,Sub-Saharan Africa
Honduras,Latin America and Caribbean
Iran,Middle East and Northern Africa
Zambia,Sub-Saharan Africa
Nepal,Southern Asia
Palestinian Territories,Middle East and Northern Africa
Albania,Central and Eastern Europe
Bangladesh,Southern Asia
Sierra Leone,Sub-Saharan Africa
Iraq,Middle East and Northern Africa
Namibia,Sub-Saharan Africa
Cameroon,Sub-Saharan Africa
Ethiopia,Sub-Saharan Africa
South Africa,Sub-Saharan Africa
Sri Lanka,Southern Asia
India,Southern Asia
Myanmar,Southeastern Asia
Egypt,Middle East and Northern Africa
Armenia,Central and Eastern Europe
Kenya,Sub-Saharan Africa
Ukraine,Central and Eastern Europe
Ghana,Sub-Saharan Africa
Congo (Kinshasa),Sub-Saharan Africa
Georgia,Central and Eastern Europe
Congo (Brazzaville),Sub-Saharan Africa
Senegal,Sub-Saharan Africa
Bulgaria,Central and Eastern Europe
Mauritania,Sub-Saharan Africa
Zimbabwe,Sub-Saharan Africa
Malawi,Sub-Saharan Africa
Sudan,Sub-Saharan Africa
Gabon,Sub-Saharan Africa
Mali,Sub-Saharan Africa
Haiti,Latin America and Caribbean
Botswana,Sub-Saharan Africa
Comoros,Sub-Saharan Africa
Ivory Coast,Sub-Saharan Africa
Cambodia,Southeastern Asia
Angola,Sub-Saharan Africa
Niger,Sub-Saharan Africa
South Sudan,Sub-Saharan Africa
Chad,Sub-Saharan Africa
Burkina Faso,Sub-Saharan Africa
Uganda,Sub-Saharan Africa
Yemen,Middle East and Northern Africa
Madagascar,Sub-Saharan Africa
Tanzania,Sub-Saharan Africa
Liberia,Sub-Saharan Africa
Guinea,Sub-Saharan Africa
Rwanda,Sub-Saharan Africa
Benin,Sub-Saharan Africa
Afghanistan,Southern Asia
Togo,Sub-Saharan Africa
Syria,Middle East and Northern Africa
Burundi,Sub-Saharan Africa
